"Εταιρεία H-ID"	"Εταιρεία Record Title"	"Ονομα εταιρείας"	Κλάδοι	"Τύπος υποδομών"	Αντικείμενο	Ιστοσελίδα	"Στοιχεία Επικοινωνίας"	"Εταιρείες ομίλου (Εταιρεία) H-ID"	"Εταιρείες ομίλου (Εταιρεία) Record Title"	Κερδοφορία	"Τίτλος είδησης"	"Url Είδησης"	"Σημειώσεις εταιρείες"
3	"iComat
Πολεμική Βιομηχανία"	iComat	"Πολεμική Βιομηχανία"		"Ανθρακονήματα / σύνθετα υλικά"	https://icomat.co.uk/							
4	"Hack The Box
Πολεμική Βιομηχανία"	"Hack The Box"	"Πολεμική Βιομηχανία|Νέες Τεχνολογίες"		"«Επιθετική κυβερνοασφάλεια» / εκπαίδευση στην κυβερνοασφάλεια (ισχυρίζεται ότι έχουν περάσει από το hub 500.000 άτομα)"	https://www.endeavor.org.gr/companies/hack-the-box							
23	"Lockheed Martin
Πολεμική Βιομηχανία"	"Lockheed Martin"	"Πολεμική Βιομηχανία"										
28	"Velocity Partners
Χρηματοπιστωτικό"	"Velocity Partners"	"Τράπεζες - Χρηματοπιστωτικό"		"Εταιρεία κεφαλαίων"								
30	"Velos Rotors
Πολεμική βιομηχανία"	"Velos Rotors"	"Πολεμική Βιομηχανία"		Drones								
37	"Marathon Venture Capital
Χρηματοπιστωτικό"	"Marathon Venture Capital"	"Τράπεζες - Χρηματοπιστωτικό"		"Χορήγηση κεφαλαίων"								
46	"Delian Alliance Industries
Πολεμική βιομηχανία"	"Delian Alliance Industries"	"Πολεμική Βιομηχανία"		"«Εταιρεία άμυνας με επίκεντρο την τεχνητή νοημοσύνη». Συστήματα παρακολούθησης drones και πλοίων. Ανάπτυξη «αυτόνομων πύργων παρατήρησης» σε σύνορα, δάση κτλ, μαζική επιτήρηση κ.α."	https://www.delian.ai/	"London, UK

info.uk@delian.ai


Athens, GR

+30 2160037848


info@delian.ai"						
71	Huawei	Huawei	"Νέες Τεχνολογίες|Ενέργεια"										
74	"FARIA Renewables
Ενέργεια / ΑΠΕ"	"FARIA Renewables"	Ενέργεια		Μπαταρίες	https://fariarenewables.com/	"Get in Touch
LOCATION
31 – 33, Karolou Ntil Street, 546 23, Thessaloniki, Greece

PHONE
T. +30.2314 437 715
T. +30.2314 437 778

EMAIL
contact@fariarenewables.com"						
78	"Metlen Energy and Metals
Ενέργεια,Μεταλλουργία,Υποδομές"	"Metlen Energy and Metals"	"Ενέργεια|Εξόρυξη|Βιομηχανία|Πολεμική Βιομηχανία"		"Δραστηριοποιείται στους τομείς της ενέργειας, της μεταλλουργίας και των υποδομών."	https://www.metlengroup.com/						https://www.mononews.gr/business/evangelos-mytilinaios-oi-5-axones-anaptyxis-tis-metlen-to-schedio-gia-ebitda-2-dis-evro-kai-eisagogi-sto-lse	
91	"Alter Ego"	"Alter Ego"	ΜΜΕ		"Ομιλος ΜΜΕ"	https://www.alteregomedia.org/	"Λεωφόρος Συγγρού 340, 17673 Καλλιθέα, Αθήνα
Τ +30 210 754 7000
Ε info@alteregomedia.org"						
97	"Motor Oil Hellas
Ενέργεια"	"Motor Oil Hellas"	Βιομηχανία|Ενέργεια		"Διύληση πετρελαίου κ.ά."	https://www.moh.gr/							
102	"Ελληνικά Πετρέλαια (ΕΛΠΕ)
Ενέργεια"	"Ελληνικά Πετρέλαια (ΕΛΠΕ)"	Ενέργεια|Βιομηχανία		"Διύλιση, εμπορία και προμήθεια πετρελαιοειδών προϊόντων"	helpe.gr							
104	"Δημόσια Επιχείρηση Ηλεκτρισμού (ΔΕΗ)
Ενέργεια"	"Δημόσια Επιχείρηση Ηλεκτρισμού (ΔΕΗ)"	Ενέργεια		"Η μεγαλύτερη εταιρεία παραγωγής και προμήθειας ηλεκτρικής ενέργειας στην Ελλάδα"	dei.gr							
105	"Οργανισμός Τηλεπικοινωνιών Ελλάδος (ΟΤΕ)
Τηλεπικοινωνίες"	"Οργανισμός Τηλεπικοινωνιών Ελλάδος (ΟΤΕ)"	Τηλεπικοινωνίες		"Παρέχει υπηρεσίες τηλεπικοινωνιών, όπως σταθερή και κινητή τηλεφωνία, καθώς και υπηρεσίες διαδικτύου"	ote.gr							
106	"Alpha Bank
Τραπεζικός τομέας"	"Alpha Bank"	"Τράπεζες - Χρηματοπιστωτικό"		"Μία από τις μεγαλύτερες τράπεζες στην Ελλάδα, προσφέροντας ευρύ φάσμα χρηματοοικονομικών υπηρεσιών"	alpha.gr	"Σταδίου 40, Ομόνοια, 105 64 Αθήνα Αττικής

Alpha Αστικά Ακίνητα	210 326 3929
Generali	 210 809 6100
Alpha Leasing	210 336 7900
ΑlphaTrade	210 370 5700
ALPHA ASSET MANAGEMENT Α.Ε.Δ.Α.Κ. 210 374 2800"						
107	"Τράπεζα Πειραιώς
Τραπεζικός τομέας"	"Τράπεζα Πειραιώς"	"Τράπεζες - Χρηματοπιστωτικό"			piraeusbank.gr							
109	"Εθνική Τράπεζα της Ελλάδος
Τραπεζικός τομέας"	"Εθνική Τράπεζα της Ελλάδος"	"Τράπεζες - Χρηματοπιστωτικό"		"Προσφέρει πλήρες φάσμα τραπεζικών υπηρεσιών, συμπεριλαμβανομένων καταθέσεων, δανείων και επενδυτικών προϊόντων."	nbg.gr							
110	"Eurobank Ergasias
Τραπεζικός τομέας"	"Eurobank Ergasias"	"Πολεμική Βιομηχανία|Τράπεζες - Χρηματοπιστωτικό"		"Εστιάζει σε τραπεζικές υπηρεσίες, όπως καταθέσεις, δάνεια και επενδυτικά προϊόντα"	eurobank.gr	"EUROBANK - ΚΕΝΤΡΙΚΟ ΚΑΤΑΣΤΗΜΑ - Αθήνα
Τράπεζα, Αθήνα

2144059762
Ωράριο	
Όθωνος 8, Σύνταγμα, 105 63 Αθήνα Αττικής"			"Eurobank is a financial organisation that operates in Greece, Cyprus, Luxembourg, Bulgaria and the UK. As of December 2018, the Eurobank Group counts, €58 billion in assets, 653 customer service locations in Greece and abroad, and 13,162 employees.[7][8]"			
111	"Σκλαβενίτης
Εμπόριο - Σούπερ Μάρκετ - Αλυσίδες Τροφίμων"	Σκλαβενίτης	"Σούπερ μάρκετ - Τρόφιμα"		"Αλυσίδα σούπερ μάρκετ που προσφέρει ευρύ φάσμα προϊόντων λιανικής, όπως τρόφιμα και είδη οικιακής χρήσης."	sklavenitis.gr							
112	"ΑΒ Βασιλόπουλος
Εμπόριο - Σούπερ Μάρκετ - Αλυσίδα τροφίμων"	"ΑΒ Βασιλόπουλος"	"Σούπερ μάρκετ - Τρόφιμα"		"Αλυσίδα σούπερ μάρκετ με ποικιλία προϊόντων διατροφής και καθημερινής χρήσης."	ab.gr							
113	"ΟΠΑΠ
Τυχερά Παιχνίδια"	ΟΠΑΠ	"Τυχερά Παιχνίδια"		"Οργανισμός που διαχειρίζεται τυχερά παιχνίδια και στοιχήματα στην Ελλάδα."	opap.gr							
117	"Viohalco
Μεταλλουργεία,Ενέργεια"	Viohalco	Ενέργεια|Εξόρυξη		"Όμιλος εταιρειών με δραστηριότητες στη μεταλλουργία, παράγοντας προϊόντα αλουμινίου, χαλκού και χάλυβα."	viohalco.com							
118	"Τιτάν
Εξορύξεις - Βιομηχανικά Υλικά - Βιομηχανία"	Τιτάν	Βιομηχανία|Εξόρυξη		"Βιομηχανία παραγωγής τσιμέντου και δομικών υλικών με διεθνή παρουσία."	titan.gr							
119	"ΓΕΚ ΤΕΡΝΑ
Κατασκευές,Ενέργεια,Παραχωρήσεις"	"ΓΕΚ ΤΕΡΝΑ"	Υποδομές|Κατασκευές|Ενέργεια		"Εταιρεία με δραστηριότητες στους τομείς των κατασκευών, της ενέργειας και των παραχωρήσεων."	gekterna.com							
120	"Intracom Holdings
Τεχνολογία,Τηλεπικοινωνίες,Κατασκευές"	"Intracom Holdings"	Υποδομές|Κατασκευές		"Όμιλος με δραστηριότητες στην τεχνολογία, τις τηλεπικοινωνίες και τις κατασκευές."	intracom.com							
121	"Ελληνικά Γαλακτοκομεία
Τρόφιμα - Αγροτική Παραγωγή"	"Ελληνικά Γαλακτοκομεία"	"Σούπερ μάρκετ - Τρόφιμα"		"Παράγει και διανέμει γαλακτοκομικά προϊόντα με γνωστές μάρκες όπως Όλυμπος και Τυράς."	hellenicdairies.com		122|123	"Ολυμπος
Τρόφιμα - Αγροτική παραγωγή|Τυράς
Τρόφιμα - Αγροτική Παραγωγή"				
122	"Ολυμπος
Τρόφιμα - Αγροτική παραγωγή"	Ολυμπος	"Σούπερ μάρκετ - Τρόφιμα"		Γαλακτοκομικά								
123	"Τυράς
Τρόφιμα - Αγροτική Παραγωγή"	Τυράς	"Σούπερ μάρκετ - Τρόφιμα"		Γαλακτοκομικά								
124	"Coca-Cola 3E
Τρόφιμα"	"Coca-Cola 3E"	"Σούπερ μάρκετ - Τρόφιμα"		"Εμφιαλωτής προϊόντων της Coca-Cola, προσφέροντας αναψυκτικά και άλλα ποτά"	coca-colahellenic.com	"https://gr.coca-colahellenic.com/
-----
ΚΕΝΤΡΙΚΑ ΓΡΑΦΕΙΑ COCA-COLA ΤΡΙΑ ΕΨΙΛΟΝ
Λεωφ. Κηφισίας 60, 151 25, Μαρούσι 
210 6381700
-----
ΕΡΓΟΣΤΑΣΙΟ ΣΧΗΜΑΤΑΡΙ MEGA-PLANT
Σχηματάρι Βοιωτίας, 32009
22620 51210
------
ΕΡΓΟΣΤΑΣΙΟ ΦΥΣΙΚΟΥ ΜΕΤΑΛΛΙΚΟΥ ΝΕΡΟΥ ΑΥΡΑ 
29 Τέμενη, 25100, Αίγιο 

26910 68231
--------
ΕΡΓΟΣΤΑΣΙΟ ΗΡΑΚΛΕΙΟ ΚΡΗΤΗΣ 
 Ηράκλειο Κρήτης, 71110 

2810 307690
--------
ΕΡΓΟΣΤΑΣΤΙΟ ΤΣΑΚΙΡΗΣ 
Θέση Μούλκια Αταλάντη Φθιώτιδος, 352 00 
22330 32510
---------

ΓΡΑΜΜΗ ΕΞΥΠΗΡΕΤΗΣΗΣ ΚΑΤΑΝΑΛΩΤΩΝ
 

Για τα προϊόντα της The Coca-Cola Company: Τηλέφωνο 800 11 55 800

Για την Amita & Frulite: Τηλέφωνο 800 11 55 801

Για το Φυσικό Μεταλλικό Νερό ΑΥΡΑ: Τηλέφωνο 800 11 55 802

Για τα Tsakiris snacks: Τηλέφωνο 800 11 53 000

Γα τα Premium Spirits & Costa Coffee: Τηλέφωνο 800 11 82 801"						
125	"Nestlé Hellas
Τρόφιμα"	"Nestlé Hellas"	"Σούπερ μάρκετ - Τρόφιμα"		"Παράγει και διανέμει τρόφιμα και ποτά, όπως καφέδες, σοκολάτες και παιδικές τροφές."	nestle.gr							
126	"ΙΟΝ Α.Ε
Τρόφιμα"	"ΙΟΝ Α.Ε"	"Σούπερ μάρκετ - Τρόφιμα"		"Ελληνική εταιρεία παραγωγής σοκολάτας και ζαχαρωδών προϊόντων."	ion.gr							
142	"Μασούτης
Σούπερ Μάρκετ - Τρόφιμα"	Μασούτης	"Σούπερ μάρκετ - Τρόφιμα"		"Σούπερ Μάρκετ - Τρόφιμα"								
143	"Telekom
Τηλεπικοινωνίες"	Telekom	Τηλεπικοινωνίες		"Τηλεπικοινωνιακός όμιλος"			105	"Οργανισμός Τηλεπικοινωνιών Ελλάδος (ΟΤΕ)
Τηλεπικοινωνίες"				
156	"Οργανισμός Λιμένος Λαυρίου (ΟΛΛ)
Υποδομές - Λιμάνια"	"Οργανισμός Λιμένος Λαυρίου (ΟΛΛ)"	Υποδομές	Λιμάνι	"Διαχείριση Λιμανιού"								
165	"ΙΝΤΕΡΚΑΤ (Όμιλος Παπαϊωάννου)
Υποδομές"	"ΙΝΤΕΡΚΑΤ (Όμιλος Παπαϊωάννου)"	Υποδομές		Υποδομές								
167	"Jet Plan Shipping (Μ. Ηλιόπουλος)
Ναυτιλία"	"Jet Plan Shipping (Μ. Ηλιόπουλος)"	Ναυτιλία		"Ναυτιλία, υποδομές κοκ"								
170	"Άκτωρ Παραχωρήσεις (Reggeborgh)
Υποδομές"	"Άκτωρ Παραχωρήσεις (Reggeborgh)"	Υποδομές|Κατασκευές										
177	"OTE
Τηλεπικοινωνίες"	OTE	"Νέες Τεχνολογίες|Τηλεπικοινωνίες"		Τηλεπικοινωνίες	https://www.cosmote.gr/static/otegroup/el/corp_homepage							
201	"Lidl Ελλάς
Σούπερ Μάρκετ - Τρόφιμα"	"Lidl Ελλάς"	"Σούπερ μάρκετ - Τρόφιμα"		"Σούπερ Μάρκετ - Τρόφιμα"								
203	"Metro
Σούπερ Μάρκετ - Τρόφιμα"	Metro	"Σούπερ μάρκετ - Τρόφιμα"		"Σούπερ Μάρκετ - Τρόφιμα"			204	"My Market
Σούπερ Μάρκετ - Τρόφιμα"	"Οι επενδύσεις του ομίλου METRO, που λειτουργεί τα σούπερ μάρκετ My Market και τα METRO Cash & Carry, ανέρχονται στην τετραετία 2023 – 2026 στα 280 εκατ. ευρώ. Για το 2024 «έτρεξε» ένα επενδυτικό πρόγραμμα ύψους 64 εκατ. ευρώ. Το δίκτυο της λιανικής αναμένεται να αυξηθεί τα επόμενα χρόνια κυρίως μέσω των καταστημάτων franchise υπό το σήμα «My market Local». Στόχος του ομίλου είναι μέχρι τα τέλη του 2025 να ανοίξουν περί τα 75-80 My market Local σε όλη την επικράτεια από τα 39 που είχαν ανοίξει στο τέλος του 2024. Ψηλά στην επενδυτική ατζέντα «φιγουράρει» και η δημιουργία αποθήκης στον Ασπρόπυργο, έκτασης περίπου 40.000 τ.μ. αλλά και η κατασκευή ενός κέντρου διανομής (hub) 10.500 τ.μ. στην Ορφέως, το οποίο θα υποστηρίξει τις υπηρεσίες διανομής των καταστημάτων χονδρικής METRO Cash & Carry σε Αττική και Νότιο Αιγαίο."			
204	"My Market
Σούπερ Μάρκετ - Τρόφιμα"	"My Market"	"Σούπερ μάρκετ - Τρόφιμα"										
210	AKTOR	AKTOR	Κατασκευές|Υποδομές		"Κατασκευές, υποδομές κα"	https://www.intrakat.gr/aktor	"Τ: + 30 2410 567200
F: + 30 2410 591461
E: info@intrakat.gr"	215	"Fracasso Hellas"				
213	Intrakat	Intrakat											
215	"Fracasso Hellas"	"Fracasso Hellas"	Υποδομές		"Δραστηριοποιείται σε συστήματα οδικής ασφάλειας. Προέκυψε από τη συνεργασία της Intrakat με την ιταλική Fracasso, εταιρεία με μεγάλη εμπειρία και τεχνογνωσία στον εξειδικευμένο αυτό τομέα."	www.fracassohellas.gr	"Fracasso Hellas S.A.
19ο χλμ  Παιανίας – Μαρκοπούλου
Παιανία Αττικής, ΤΚ 190 02
Τ: +30 210 667 4836
F: +30 210 667 4839
E: info@fracassohellas.gr
W: http://www.fracassohellas.gr"						
216	Fracasso	Fracasso	Υποδομές										
229	ΑΒΑΞ	ΑΒΑΞ	Κατασκευές|Υποδομές							"Χρηματιστηριακή αξία τον Γενάρη του 2025 αποτιμιόταν στα 262 εκατ. ευρώ"			
245	"Adessium Foundation"	"Adessium Foundation"	ΜΚΟ				"«Ολλανδική φιλανθρωπική οργάνωση που χρηματοδοτεί έργα στους τομείς της κοινωνίας, του περιβάλλοντος και της δημοσιογραφίας», από τον επιχειρηματία Gerard van Vliet...)"						
254	"Οργανισμός Λιμένος Θεσσαλονίκης (ΟΛΘ)"	"Οργανισμός Λιμένος Θεσσαλονίκης (ΟΛΘ)"	Υποδομές	Λιμάνι		https://www.thpa.gr/el/contact/	"Διεύθυνση 	Α’ Προβλήτα, Εντός Λιμένος, ΤΚ: 54625 Θεσσαλονίκη
ΑΦΜ 	099356700
Γ.Ε.ΜΗ 	58231004000
Τηλέφωνο 	2310 593 118
E-mail 	secretariat(at)thpa(dot)gr
***
ΟΛΘ Α.Ε. | Γραφεία Αθήνας

 
Διεύθυνση 	Πανεπιστημίου 10, 7ος όροφος, Σύνταγμα, ΤΚ: 10671
Τηλέφωνο 	210 362 8628
E-mail 	athensoffices(at)thpa(dot)gr
***
Διεύθυνση 	20 Aksakov Str., 1000, Sofia, Bulgaria
Τηλέφωνο 	+30 2310 593 308
E-mail 	sofia(at)thpa(dot)eu"						"Η σύνθεση του ΔΣ: https://www.thpa.gr/el/board-of-directors/"
268	"Louis Dreyfous"	"Louis Dreyfous"	"Αγροτική παραγωγή"										
278	"Belterra Holdings Ltd"	"Belterra Holdings Ltd"	Υποδομές	Λιμάνι	"67% του ΟΛΘ"		"Διεύθυνση	CYPRUS Pindou 4, Floor 4, Flat 405, 2409, Έγκωμη Λευκωσίας, Λευκωσία
Νομική Μορφή	Private Limited Company
NACE 2	6420 Δραστηριότητες εταιρειών χαρτοφυλακίου
Secretary	M.M.C.S. SECRETARY LIMITED
Τηλέφωνο εταιρείας	22817600
Email	info@cypcodirect.com"						"Belterra Holdings Ltd: Ελέγχει το 67% του μετοχικού κεφαλαίου του ΟΛΘ μέσω της South Europe Gateway Thessaloniki (SEGT). Η SEGT είναι κοινοπραξία στην οποία η Belterra κατέχει το 67% και η γαλλική εταιρεία CMA CGM, μέσω της θυγατρικής της Terminal Link, το υπόλοιπο 33%."
280	"South Europe Gateway Thessaloniki (SEGT)"	"South Europe Gateway Thessaloniki (SEGT)"	Υποδομές	Λιμάνι	"Η SEGT είναι κοινοπραξία στην οποία η Belterra κατέχει το 67% και η γαλλική εταιρεία CMA CGM, μέσω της θυγατρικής της Terminal Link, το υπόλοιπο 33%."								
282	"CMA CGM"	"CMA CGM"	Υποδομές	Λιμάνι		https://www.cma-cgm.com/							
286	"Terminal Link"	"Terminal Link"	Υποδομές	Λιμάνι	"Γαλλική, της ανήκει το 33% του ΟΛΘ"								
289	"CVC Capital Partners"	"CVC Capital Partners"	"Τράπεζες - Χρηματοπιστωτικό"		"Λουξεμβουργιανή εταιρεία συμμετοχών και επενδύσεων"	https://www.cvc.com/about/our-network/	"CVC Advisers Greece S.M.S.A.
8th Floor, 62 Kifissias Avenue, Maroussi Athens 15125 Greece
Telephone: +30 211 199 4990"			"έχει στη διαχείρισή της πάνω από 155 δις ευρώ ενεργητικού [1][2] και περίπου 157 δισεκατομμύρια ευρώ σε εξασφαλισμένες δεσμεύσεις (2024)"	"Χρ. Μεγάλου: Σε προχωρημένες συζητήσεις για την εξαγορά της Εθνικής Ασφαλιστικής η Πειραιώς"	https://www.capital.gr/epixeiriseis/3899689/xr-megalou-se-proxorimenes-suzitiseis-gia-tin-exagora-tis-ethnikis-asfalistikis-i-peiraios/	"Στην Ελλάδα η παρουσία του φαντ διευρύνθηκε με την εξαγορά του 10% της ΔΕΗ αλλά και του 90% της Vivartia το 2021. Τον Απρίλιο του 2022 ολοκληρώθηκε η πώληση του 90.01% των μετοχών της Εθνικής Ασφαλιστικής από την Εθνική Τράπεζα της Ελλάδας στον όμιλο CVC Capital Partners.[4][5] Συμμετέχει επίσης στον χώρο της υγείας με τη διαχείριση χαρτοφυλακίων διαφόρων ιδιωτικών κλινικών και διαγνωστικών κέντρων."
292	"Εθνική Ασφαλιστική"	"Εθνική Ασφαλιστική"	Ασφάλιση		Ασφάλειες								
295	"Ομιλος Vivartia"	"Ομιλος Vivartia"	"Σούπερ μάρκετ - Τρόφιμα"		"Ομιλος Τροφίμων"	https://www.vivartia.com/	"Διεθνής Αερολιμένας Αθηνών
«Ελευθέριος Βενιζέλος»
Κτίριο 14Β
Σπάτα 190 19
Αττική
+30 2169392900"	298|299|311|315|316	"Δέλτα Τρόφιμα ΑΕ|Δωδώνη|ΜΠΑΡΜΠΑ ΣΤΑΘΗΣ|Μ. Αραμπατζής Α.Β.Ε.Ε.–Ελληνική Ζύμη|Ομιλος Goody’s-Everest"	"930 εκατομμύρια έσοδα (2023)"			"8,500 Εργαζόμενοι
16 εργοστάσια 
Εξαγωγές σε 50 χώρες

Είμαστε ο κορυφαίος όμιλος τροφίμων και υπηρεσιών εστίασης στην Ελλάδα.
Δραστηριοποιούμαστε για περισσότερες από 7 δεκαετίες στην ελληνική αγορά, με 8.500 εργαζομένους, περισσότερα από 25.000 σημεία πώλησης και πάνω από 1.500 κωδικούς προϊόντων για κάθε διατροφική ανάγκη και στιγμή της ημέρας.
Η Vivartia Συμμετοχών Α.Ε. είναι εταιρεία παραγωγής τροφίμων στην Ελλάδα. Η έδρα της βρίσκεται στα Σπάτα της Αττικής.[1]"
298	"Δέλτα Τρόφιμα ΑΕ"	"Δέλτα Τρόφιμα ΑΕ"	"Σούπερ μάρκετ - Τρόφιμα"		"Εταιρεία Τροφίμων"	www.delta.gr/	"ΔΕΛΤΑ ΤΡΟΦΙΜΑ Α.Ε.
23ο χλμ Ε.Ο. Αθηνών – Λαμίας, 14565, Αγ.Στέφανος Αττικής
Τηλεφωνικό Κέντρο 210-3495000"			"https://www.delta.gr/wp-content/uploads/2024/09/financial-statements-2023.pdf|α Κέρδη Προ φόρων Τόκων και Αποσβέσεων, εξαιρουμένων των μη επαναλαμβανόμενων γεγονότων και συμπεριλαμβανόμενης της επίδρασης από ΔΠΧΑ 16, παρουσίασαν αύξηση σε σχέση με την προηγούμενη Οικονομική Χρήση και ανήλθαν σε € 13,0 εκατ. (2022: € -2,3 εκατ.)"			"Η ΔΕΛΤΑ είναι εταιρεία τροφίμων που δραστηριοποιείται στον χώρο της καλής διατροφής. Για περισσότερα από 70 χρόνια, προσφέρει ποιοτικά και καινοτόμα προϊόντα, τα οποία καλύπτουν τις σύγχρονες διατροφικές ανάγκες των καταναλωτών στην Ελλάδα και ταυτόχρονα προάγουν διεθνώς το ευ ζην της ελληνικής μεσογειακής διατροφής. Διαθέτει ευρεία γκάμα προϊόντων, η οποία περιλαμβάνει γάλα, γιαούρτι, χυμούς, παγωμένο τσάι, φυτικά και τυροκομικά προϊόντα, έχοντας ηγετική παρουσία σε πολλούς από τους τομείς δραστηριοποίησής της. Η ΔΕΛΤΑ, με γνώμονα την προστασία του περιβάλλοντος, τη στήριξη της κοινωνίας και τη χρηστή διακυβέρνηση, δημιουργεί επιπρόσθετη αξία για όλα τα ενδιαφερόμενα μέρη της, συμβάλλοντας καθοριστικά στην οικονομία και ευημερία της χώρας."
299	Δωδώνη	Δωδώνη				https://dodoni.com	"https://dodoni.com/epikoinonia/


Γραφεία Iωαννίνων | Εργοστάσιο
Ταγματάρχη Κωστάκη 1
45500 Ελεούσα, Ιωάννινα
Τ +30 26510 89700 & 89702

Γραφεία Αθήνας
Διεθνής Αερολιμένας Αθηνών “Ελ. Βενιζέλος”
Κτίριο 14Β
19019 Σπάτα
Τ +30 210 9803230

Γραφεία Θεσσαλονίκης
Αγίου Γεωργίου 5
57001 Πυλαία, Θεσσαλονίκη
Τ +30 231 6001690

Εργοστάσιο Θήβας
2ο χλμ Θήβων – Χαλκίδας
32200 Θήβα
Τ +30 226 2027501

Γραφεία Κύπρου | Εργοστάσιο
Σπύρου Κυπριανού 24,
3η Βιομηχανική Περιοχή Αγίου Συλά
4149 Ύψωνας, Λεμεσός
Τ +357 25 27 7999

Αριθμός ΓΕ.Μ.Η: 030636029000"						
302	"ΕΥΡΩΤΡΟΦΕΣ ΜΟΝ. ΑΒΕΕ"	"ΕΥΡΩΤΡΟΦΕΣ ΜΟΝ. ΑΒΕΕ"	"Αγροτική παραγωγή"		"Βιομηχανία Σύνθετων Συμπυκνωμένων Ζωοτροφών"	https://www.vivartia.com/dairy-cheese/							"Εδώ και 4 δεκαετίες, η ΕΥΡΩΤΡΟΦΕΣ ΜΟΝ. ΑΒΕΕ έχει θέσει ως πρωταρχικό μέλημα την ποιοτική και άμεση εξυπηρέτηση του δικτύου των συνεργαζόμενων παραγωγών γάλακτος. Στρατηγικός στόχος της εταιρείας είναι η ικανοποίηση των αναγκών και απαιτήσεων των πελατών και συνεργατών της, μέσα από την προσφορά προϊόντων, υψηλής διατροφικής αξίας για τα παραγωγικά ζώα, παρασκευασμένων με αυστηρές προδιαγραφές.

Παράλληλα, στοχεύει στη συνεχή εξέλιξη των προϊόντων της με έμφαση στην ευημερία των ζώων και τη συστηματική στήριξη των συνεργαζόμενων κτηνοτρόφων. Η «ΕΥΡΩΤΡΟΦΕΣ» αποτελεί βασικό προμηθευτή μειγμάτων ζωοτροφών για το δίκτυο προμηθευτών γάλακτος της ΔΕΛΤΑ, ενώ παράλληλα απευθύνεται και σε άλλους παραγωγούς/κτηνοτρόφους, οι οποίοι επικεντρώνονται στην ασφάλεια, ποιότητα και υψηλή διατροφική αξία των ζωοτροφών που προσφέρουν στο ζωϊκό τους κεφάλαιο."
304	"ΔΑΝΙΗΛ Σ. ΓΚΑΤΕΝΙΟ & ΥΙΟΣ Α.Ε."	"ΔΑΝΙΗΛ Σ. ΓΚΑΤΕΝΙΟ & ΥΙΟΣ Α.Ε."	"Σούπερ μάρκετ - Τρόφιμα"		"Γάλα και κακάο"								"Η ιστορία της εταιρείας ΔΑΝΙΗΛ Σ. ΓΚΑΤΕΝΙΟ & ΥΙΟΣ Α.Ε. ξεκινά πριν από ένα σχεδόν αιώνα στη Θεσσαλονίκη με αρχική βασική δραστηριότητα την εμπορία ζάχαρης & καφέ. Μετά το Β’ Παγκόσμιο Πόλεμο, η εταιρεία μεταφέρεται στην Αθήνα, όπου και δραστηριοποιείται πλέον στους τομείς του γάλακτος και του κακάο με τα προϊόντα της να απευθύνονται στη βιομηχανική αγορά. Καθώς τα χρόνια περνούν, η ΔΑΝΙΗΛ Σ. ΓΚΑΤΕΝΙΟ & ΥΙΟΣ Α.Ε. συνεχίζει να μεγαλώνει και να αναπτύσσεται, προσθέτοντας και καταναλωτικά προϊόντα, όπως το γάλα εβαπορέ, το γάλα σε σκόνη (Regilait) και άλλα ενώ στη συνέχεια εισέρχεται και στην αγορά των τυροκομικών, εισάγοντας Regato από τη Βόρειο Ιρλανδία και μια μεγάλη ποικιλία τυριών από τις χώρες της Δυτικής Ευρώπης και κυρίως τη Γερμανία. Μετά το 1980 και εκμεταλλευόμενη την ταχύτατη ανάπτυξη του εμπορίου λιανικής, η ΔΑΝΙΗΛ Σ. ΓΚΑΤΕΝΙΟ & ΥΙΟΣ Α.Ε. αναλαμβάνει την ανάπτυξη και εμπορία προϊόντων ιδιωτικής ετικέτας. Σήμερα, η εταιρεία συνεχίζει να εισάγει και να εμπορεύεται γαλακτοκομικά και τυροκομικά προϊόντα, να συνεργάζεται με όλες σχεδόν τις βιομηχανίες του κλάδου, να δραστηριοποιείται στο λιανικό εμπόριο, ενώ παράλληλα επεκτείνεται στις γειτονικές βαλκανικές χώρες."
306	ΚΟΥΡΕΛΛΑΣ	ΚΟΥΡΕΛΛΑΣ	"Σούπερ μάρκετ - Τρόφιμα"		"Βιολογικά γαλακτοκομικά κτλ"	https://kourellas.com/el/eat-like-a-greek/the-mediterranean-diet/							"Η ΚΟΥΡΕΛΛΑΣ παράγει απολαυστικά ελληνικά γαλακτοκομικά προϊόντα από το 1960. Το 1996, δημιούργησε τα πρώτα βιολογικά γαλακτοκομικά προϊόντα στην Ελλάδα. Σήμερα, η βραβευμένη βιολογική της σειρά εξάγεται σε ολόκληρο τον κόσμο, ενώ η εταιρεία έχει βοηθήσει πολλούς αγρότες να ακολουθήσουν το παράδειγμά της.

Παράλληλα, συνδυάζοντας παραδοσιακές συνταγές με τη σύγχρονη τεχνολογία, η εταιρεία ανέπτυξε μια ολόκληρη σειρά από ελληνικά γιαούρτια, γάλατα και χειροποίητα τυριά. Όλα τους φτιαγμένα με λίγα μόνο φυσικά και τοπικά συστατικά."
308	"Cold Sin ΑΕ"	"Cold Sin ΑΕ"	"Σούπερ μάρκετ - Τρόφιμα"		Παγωτά								"Η Cold Sin ΑΕ ιδρύθηκε το 2016 και δραστηριοποιείται στην παραγωγή και διανομή τυποποιημένου παγωτού, επαγγελματικού παγωτού όπως τούρτες, παγωτίνια και σερβιριζόμενο παγωτό. Είναι ο επίσημος εθνικός διανομέας παγωτών της εταιρείας Mars Hellas ΑΕ, επίσημος διανομέας των παγωτών της εταιρείας General Mills AE (Häagen-Dazs) και αποκλειστικός διανομέας των παγωτών της Sammontana SPA για την Ελλάδα και Κύπρο. Επιπλέον, παράγει ποιοτικά παγωτά με το σήμα Cold Sin, ενώ διαθέτει πανελλαδικό δίκτυο, καλύπτοντας την ελληνική επικράτεια με περίπου 15.000 σημεία πώλησης παγωτού."
311	"ΜΠΑΡΜΠΑ ΣΤΑΘΗΣ"	"ΜΠΑΡΜΠΑ ΣΤΑΘΗΣ"	"Σούπερ μάρκετ - Τρόφιμα"		Τρόφιμα								"H ΜΠΑΡΜΠΑ ΣΤΑΘΗΣ δραστηριοποιείται στον κλάδο παραγωγής και εμπορίας τροφίμων, εδώ και περισσότερα από 50 χρόνια. Η προσήλωση στην άριστη ποιότητα και τη μέγιστη ασφάλεια, η υψηλή τεχνογνωσία, καθώς και η έμφαση στη βιώσιμη ανάπτυξη και τον διαρκή εκσυγχρονισμό, καθιστούν την εταιρεία ηγέτιδα στον κλάδο. 

Από την ίδρυσή της μέχρι και σήμερα, η ΜΠΑΡΜΠΑ ΣΤΑΘΗΣ επενδύει συστηματικά στον πρωτογενή τομέα, εστιάζοντας στη βιώσιμη γεωργία, την περιβαλλοντική μέριμνα και την υπεύθυνη επιχειρησιακή λειτουργία. Διαχρονικά, όραμά της παραμένει να προσφέρει στους καταναλωτές ασφαλή και ποιοτικά προϊόντα, συμβάλλοντας στη διαμόρφωση ισορροπημένων διατροφικών προτύπων, με οδηγό τη βιώσιμη ανάπτυξη και έμπνευση την ελληνική διατροφική σοφία."
313	"ΧΑΛΒΑΤΖΗΣ ΜΑΚΕΔΟΝΙΚΗ"	"ΧΑΛΒΑΤΖΗΣ ΜΑΚΕΔΟΝΙΚΗ"											"Η ΧΑΛΒΑΤΖΗΣ ΜΑΚΕΔΟΝΙΚΗ ιδρύθηκε το 1972 και εδρεύει στην περιοχή Ριζό της Σκύδρας, στην Κεντρική Μακεδονία. Πρόκειται για μία επιχείρηση με μακρά και επιτυχημένη παρουσία στον κλάδο της αγροδιατροφής που ασχολείται με την επεξεργασία φρούτων και λαχανικών.

Από την ίδρυσή της μέχρι και σήμερα, η καινοτομία αποτελεί το κλειδί για τη συνεχή ανάπτυξή της. Με αίσθημα ευθύνης στον Έλληνα καταναλωτή και τις ανάγκες του, η εταιρεία λειτουργεί με γνώμονα τη διάδοση της υγιεινής διατροφής, δημιουργώντας νέες τάσεις που ανταποκρίνονται στη σύγχρονη καθημερινότητα."
315	"Μ. Αραμπατζής Α.Β.Ε.Ε.–Ελληνική Ζύμη"	"Μ. Αραμπατζής Α.Β.Ε.Ε.–Ελληνική Ζύμη"	"Σούπερ μάρκετ - Τρόφιμα"		"Προϊόντα κατεψυγμένης ζύμης"								"Η Μ. Αραμπατζής Α.Β.Ε.Ε.–Ελληνική Ζύμη είναι κορυφαία εταιρεία στην αγορά καταψυγμένων προϊόντων ζύμης στην Ελλάδα και μια από τις μεγαλύτερες στην Ευρώπη. Για περισσότερα από 40 χρόνια, δημιουργεί αυθεντικές ελληνικές γεύσεις με ποικιλία ειδών ζύμης από άριστης ποιότητας πρώτες ύλες, συμβάλλοντας στη διαφύλαξη της ελληνικής διατροφικής παράδοσης.

Στα τρία ιδιόκτητα υπερσύγχρονα εργοστάσιά της παράγονται περισσότεροι από 700 κωδικοί για τις αγορές του food service και της λιανικής με επώνυμα προϊόντα (Χρυσή Ζύμη και Ελληνική Ζύμη) καθώς και προϊόντα ιδιωτικής ετικέτας.

Διαθέτει σημαντικό δίκτυο πωλήσεων σε 45 χώρες με κυριότερες αγορές την Ευρώπη, τον Καναδά και τις ΗΠΑ, περισσότερους από 4.500 πελάτες παγκοσμίως και συνεργασίες με τους μεγαλύτερους retailers διεθνώς."
316	"Ομιλος Goody’s-Everest"	"Ομιλος Goody’s-Everest"	"Σούπερ μάρκετ - Τρόφιμα|Εστίαση"					317|319|321|324|326|328|330|332|334|336|338	"Goody’s Burger House|Everest|La Pasteria|FLOCAFE|Olympus Plaza Food Parks|Kuzina|It’s all Grεεk|Forno Luca|Bistro dei Cavalieri|Olympic catering|Hellenic Catering"				"Ο Όμιλος Goody’s-Everest είναι o μεγαλύτερος όμιλος εστίασης στην Ελλάδα.
Έχει αναπτύξει και λειτουργεί μερικά από τα σημαντικότερα σήματα στον κλάδο της εστίασης.

Διαθέτει 5 αλυσίδες εστίασης και μια μεγάλη γκάμα μοναδικών concepts εστίασης,
560+ σημεία πώλησης, 2 παραγωγικές μονάδες και περισσότερους από 5.000
 εργαζόμενους (συμπ. franchise). 

Διατηρεί ηγετική θέση στον τομέα των ταξιδιωτικών υπηρεσιών με παρουσία στην πλειονότητα των ΣΕΑ και επιβατικών πλοίων και περισσότερα από 50 χρόνια εμπειρίας στις υπηρεσίες εστίασης στα αεροδρόμια."
317	"Goody’s Burger House"	"Goody’s Burger House"	Εστίαση			https://www.goodys.com							
319	Everest	Everest	Εστίαση		"Αλυσίδες εστίασης"	https://www.everest.gr/							
321	"La Pasteria"	"La Pasteria"	Εστίαση		"Αλυσίδα ιταλικού φαγητού"	https://www.lapasteria.gr/about/company/							
324	FLOCAFE	FLOCAFE	Εστίαση		Καφές	https://www.flocafe.gr/							
326	"Olympus Plaza Food Parks"	"Olympus Plaza Food Parks"	Εστίαση		"Αλυσίδες εστίασης, ΣΕΑ"								
328	Kuzina	Kuzina	Εστίαση		Εστιατόριο	https://www.kuzina.gr/							
330	"It’s all Grεεk"	"It’s all Grεεk"	Εστίαση		Ψητοπωλείο	https://www.vivartiafoodservices.com/el/unique-foodservice-concepts/it-s-all-greek							
332	"Forno Luca"	"Forno Luca"	Εστίαση		"Εστίαση σε αεροδρόμια"	https://www.vivartiafoodservices.com/el/unique-foodservice-concepts/forno-luca							"Ένα ιταλικό concept με έμφαση στο snacking και τον καφέ ειδικά σχεδιασμένο για την ιδιαίτερα απαιτητική αγορά των αεροδρομίων."
334	"Bistro dei Cavalieri"	"Bistro dei Cavalieri"	Εστίαση		"Εστίαση για αεροδρόμια και εμπορικά κέντρα"	https://www.vivartiafoodservices.com/el/unique-foodservice-concepts/bistro-dei-cavalieri							"Αυθεντικό Ιταλικό μπιστρό το οποίο έχει σχεδιαστεί ειδικά για τις ταξιδιωτικές υπηρεσίες, όπως είναι τα αεροδρόμια και τα εμπορικά κέντρα."
336	"Olympic catering"	"Olympic catering"	Εστίαση		"Παραγωγή και Διανομή Φαγητού"	https://www.olympic-catering.gr/							"Η Olympic Catering A.E είναι μια εταιρία του Ομίλου Goody’s-Everest Group, ο οποίος ανήκει στη Vivartia, τον ηγετικό Όμιλο στην αγορά τροφίμων και ποτών. H Olympic Catering ιδρύθηκε τη δεκαετία του 1970, με πρωταρχικό σκοπό να καλύψει το δύσκολο και απαιτητικό έργο της αεροτροφοδοσίας και του ramp handling της ιστορικής Ολυμπιακής Αεροπορίας. To 2002 εξαγοράστηκε από τον Όμιλο everest, ο οποίος από το 2008 αποτελεί μέλος του Ομίλου Vivartia."
338	"Hellenic Catering"	"Hellenic Catering"	Εστίαση		"Παραγωγή & Διανομή Φαγητού"	https://helleniccatering.gr/	"Έδρα
Διεύθυνση:
1η – ΒΙ.ΠΕ.Θ., 570 22 Σίνδος – Θεσσαλονίκη
	
Τηλ. επικοινωνίας:
2310 790700
	
Fax:
2310 797951
***
Υποκ/μα 1
Διεύθυνση:
Πλουτάρχου – θέση Βακαλόπουλου, 153 51 Παλλήνη Αττικής
	
Τηλ. επικοινωνίας:
210 6669074- 6
	
Fax:
210 6669478"						"Η Hellenic Catering αποτελεί το βιομηχανικό βραχίονα του Ομίλου Goody’s-Everest, του Κλάδου Εστίασης του του Ομίλου Vivartia.

Mε παρουσία πλέον των 40 ετών στην Ελληνική αγορά, η εταιρία διαθέτει 2 σύγχρονες μονάδες παραγωγής στην Αττική και στη Θεσσαλονίκη, με εξειδίκευση στην παραγωγή κρεατοσκευασμάτων, κατεψυγμένων και chilled γευμάτων, σαλατών & dressings, γλυκών και αρτοσκευασμάτων."
340	"Hellenic Instruments"	"Hellenic Instruments"	"Πολεμική Βιομηχανία"			https://sekpy.gr/en/companies/hellenic-instruments-2/	"Company Name: HELLENIC INSTRUMENTS P.C.
Category: Armament, Ammunition, Explosives and Related Services, Companies, Machinery, Mechanical components, Materials and Structures, Naval Platforms and Related Systems/Services
Address: 3rd km Koropiou-Varis, 19400, Koropi, Greece
Email: administration@hellenicinstruments.com
Telephone:210 6021630
https://www.hellenicinstruments.com/"						"Εχει φτιάξει τα ηχοβόλα που έχουν σταλεί στον Εβρο"
342	THEON	THEON	"Πολεμική Βιομηχανία"			https://theon.com/	"Address:

5, Agios Antonios str.
Muskita Building 2,
1st floor, Office/Apart.102
2002 Nicosia, Cyprus
Phone: +357 22770740
Email: info@theon.com


Address:

57, Ioannou Metaxa str.,
Koropi, GR-19441,
Greece
2002 Nicosia, Cyprus
Phone: +357 22770740
GEMI No. 002502801000"			"€218.7 m Revenues in 2023 (σύμφωνα με την ιστοσελίδα της)"	"Μια ελληνική εταιρεία, η THEON, συμμετέχει στον «Στρατιώτη του Μέλλοντος»"	https://www.ieidiseis.gr/ellada/448652/mia-elliniki-etaireia-i-theon-symmetechei-ston-stratioti-toy-mellontos/	"Το γερμανικό κοινοβούλιο στις 29 Ιανουαρίου 2025 ενέκρινε την προμήθεια του ελληνικού συστήματος IdZ, με την συνεργαζόμενη της ελληνικής εταιρείας, Rheinmetall Electronics GmbH.

Το γερμανικό πρόγραμμα «Στρατιώτης του Μέλλοντος» (IdZ) θα βασίζεται στο σύστημα απεικόνισης τακτικής κατάστασης πεδίου μάχης (Heads-Up Display) της ελληνικής TΗΕΟΝ Sensors!"
348	"Βιοχάλκο - Viohalco S.A"	"Βιοχάλκο - Viohalco S.A"	"Πολεμική Βιομηχανία|Βιομηχανία|Μέταλλο"		"Η Viohalco S.A. είναι εταιρία συμμετοχών (holding) σε κορυφαίες βιομηχανικές εταιρίες επεξεργασίας μετάλλων στην Ευρώπη. Με έδρα στο Βέλγιο είναι εισηγμένη στο Χρηματιστήριο Euronext Βρυξελλών (Νοέμβριος 2013) και στο Χρηματιστήριο Αθηνών (Φεβρουάριος 2014)."	https://www.viohalco.com/index.php?Language=el	"Viohalco Headquarters
Viohalco S.A.
30 Marnix Avenue, 1000 Brussels, Belgium

Tel.: (+32) 2 224 09 11

info@viohalco.com

www.viohalco.com

Viohalco S.A. - Ελληνικό Υποκατάστημα
Χειμάρας 16, 151 25 Μαρούσι, Αθήνα

Τηλ.: (+30) 210 6861111

info@viohalco.com

www.viohalco.com"	350|361	"Cenergy Holdings|ΕΛΒΑΛΧΑΛΚΟΡ Ελληνική Βιομηχανία Χαλκού και Αλουμινίου Ανώνυμος Εταιρεία (ElvalHalcor)"	"Οι εταιρίες της Viohalco δημιουργούν ετήσιο κύκλο εργασιών 6,6 δισ. ευρώ (2024), διαθέτοντας κύριες παραγωγικές εγκαταστάσεις σε 8 χώρες και πωλήσεις σε περίπου 100 χώρες"	"Σε θέση μάχης η ελληνική αμυντική βιομηχανία"	https://www.kathimerini.gr/economy/563582404/se-thesi-machis-i-elliniki-amyntiki-viomichania/	"Η Viohalco S.A. είναι εταιρία συμμετοχών (holding) σε κορυφαίες βιομηχανικές εταιρίες επεξεργασίας μετάλλων στην Ευρώπη. Με έδρα στο Βέλγιο είναι εισηγμένη στο Χρηματιστήριο Euronext Βρυξελλών (Νοέμβριος 2013) και στο Χρηματιστήριο Αθηνών (Φεβρουάριος 2014).
Οι εταιρίες της Viohalco δημιουργούν ετήσιο κύκλο εργασιών 6,6 δισ. ευρώ (2024), διαθέτοντας κύριες παραγωγικές ////εγκαταστάσεις σε 8 χώρες και πωλήσεις σε περίπου 100 χώρες
****
Ιδιαίτερο ενδιαφέρον έχει το ""ερευνητικό έργο"": βλέπε https://www.viohalco.com/800/el/RandD-kai-texnologia/
***
🔩 1. Μεταλλουργία – Χαλκός και Κράματα
ElvalHalcor S.A. – Μία από τις μεγαλύτερες βιομηχανίες έλασης αλουμινίου και χαλκού στην Ευρώπη.

Περιλαμβάνει μονάδες όπως:

Elval (αλουμίνιο)

Halcor (χαλκός & σωλήνες χαλκού)

Fitco

Sofia Med (Βουλγαρία)

🔌 2. Ενέργεια & Τηλεπικοινωνίες (μέσω της Cenergy Holdings)
Cenergy Holdings S.A.

Hellenic Cables S.A. – Καλώδια υψηλής και υπερυψηλής τάσης, υποβρύχια καλώδια.

Corinth Pipeworks S.A. – Βιομηχανία σωλήνων για πετρέλαιο, φυσικό αέριο και αγωγούς.

🏗️ 3. Χάλυβας & Κατασκευές
Sidenor S.A. – Εταιρεία παραγωγής προϊόντων χάλυβα (δομικά, μηχανικά κ.λπ.)

Περιλαμβάνει τις:

Sovel (παραγωγή χάλυβα)

Eralp, Erasteel, Prometal κ.ά.

Stomana Industry (Βουλγαρία) – Βιομηχανία χάλυβα

🏢 4. Τεχνολογία Αλουμινίου & Συστήματα Δομής
ETEM – Συστήματα αλουμινίου για αρχιτεκτονικές και βιομηχανικές εφαρμογές.

🛠️ 5. Μηχανήματα & Εξειδικευμένος Εξοπλισμός
Etem Bulgaria

Steelmet Group – Παρέχει βιομηχανικές υπηρεσίες (συμβουλευτική, logistics, R&D).

📊 6. Άλλες Θυγατρικές και Δραστηριότητες
Metal Agencies (Ηνωμένο Βασίλειο) – Εμπορία μετάλλων"
350	"Cenergy Holdings"	"Cenergy Holdings"	Ενέργεια|Μέταλλο|Βιομηχανία|Τηλεπικοινωνίες	"Δίκτυα Ενέργειας|Δίκτυα δεδομένων"	"μεταφοράς ενέργειας, ανανεώσιμων πηγών ενέργειας και μετάδοσης δεδομένων"	https://cenergyholdings.com/	"pin icon
Αμαρουσίου – Χαλανδρίου 33
151 25 Μαρούσι, Αττική, Ελλάδα
mail envelope icon
ir@cenergyholdings.com
telephone icon
(+30) 2106787111
fax icon
(+30) 2106787406"	355|356	"Σωληνουργεία Κορίνθου|Hellenic Cables"				"Η Cenergy Holdings είναι μια Βελγική εταιρεία συμμετοχών εισηγμένη τόσο στο Χρηματιστήριο των Βρυξελλών όσο και στο Χρηματιστήριο των Αθηνών, επενδύοντας σε κορυφαίες βιομηχανικές εταιρείες, εστιάζοντας στην αυξανόμενη παγκόσμια ζήτηση μεταφοράς ενέργειας, ανανεώσιμων πηγών ενέργειας και μετάδοσης δεδομένων. Το χαρτοφυλάκιο της Cenergy Holdings αποτελείται από την Σωληνουργεία Κορίνθου και την Hellenic Cables, εταιρείες που βρίσκονται στην πρώτη γραμμή των αντίστοιχων τομέων ανάπτυξης.
***
Η Cenergy Holdings, με έδρα το Βέλγιο, ιδρύθηκε το 2016 και είναι εισηγμένη στο Euronext Brussels και στο Χρηματιστήριο Αθηνών (Athex). Η Εταιρία εστιάζει στη μακροπρόθεσμη δημιουργία προστιθέμενης αξίας, επενδύει σε κορυφαίες βιομηχανικές εταιρείες και εστιάζει στην αυξανόμενη παγκόσμια ζήτηση για μεταφορά ενέργειας, ανανεώσιμες πηγές και μεταφορά δεδομένων.

Η εταιρεία επενδύει σε βιομηχανικές εταιρείες που δραστηριοποιούνται σε δυναμικές και αναπτυσσόμενες αγορές όπως αυτές της ενέργειας και των τηλεπικοινωνιών.

Η Cenergy Holdings είναι θυγατρική της Viohalco S.A., μιας εταιρείας χαρτοφυλακίου κορυφαίων εταιρειών επεξεργασίας μετάλλων σε όλη την Ευρώπη. Οι θυγατρικές της Viohalco ειδικεύονται στην κατασκευή προϊόντων αλουμινίου, χαλκού και χάλυβα, σωλήνων χάλυβα και καλωδίων, καθώς και άλλων τεχνολογικά προηγμένων βιομηχανικών εφαρμογών. Έχουν εγκαταστάσεις παραγωγής σε Ελλάδα, Βουλγαρία, Ρουμανία, Ηνωμένο Βασίλειο, Βόρεια Μακεδονία, Ρωσία και Τουρκία."
355	"Σωληνουργεία Κορίνθου"	"Σωληνουργεία Κορίνθου"	"Μέταλλο|Πολεμική Βιομηχανία"	"Δίκτυα Ενέργειας"	"Η Σωληνουργεία Κορίνθου είναι παγκόσμιος ηγέτης στην κατασκευή σωλήνων χάλυβα για τον κλάδο της ενέργειας και σημαντικός παραγωγός κοιλοδοκών χάλυβα για τον κατασκευαστικό κλάδο."	https://cenergyholdings.com/el/corinth-pipeworks/				"Επενδύσεις 250 εκατομμύρια ευρώ από το 2012|πάνω από 750 εργαζόμενους|63 εκατομμύρια κέρδη το 2024 προ φόρων"			"Η Σωληνουργεία Κορίνθου είναι ένας από τους κορυφαίους κατασκευαστές σωλήνων χάλυβα και κοίλων δοκών, παγκοσμίως, για τους τομείς της ενέργειας και των κατασκευών. Με μια επιτυχημένη πορεία και εμπειρία πάνω από μισό αιώνα, έχει υλοποιήσει πολύ απαιτητικά έργα με κορυφαίες εταιρείες ενέργειας παγκοσμίως.
Οι σωλήνες χάλυβα που έχει κατασκευάσει η εταιρεία, τα τελευταία 15 χρόνια, μπορούν να καλύψουν περισσότερο από το μισό περίμετρο της Γης.
Με εμπειρία πάνω από μισό αιώνα, η Σωληνουργεία Κορίνθου έχει συνεργαστεί με μεγάλες εταιρείες ενέργειας σε όλο τον κόσμο, σε εξαιρετικά απαιτητικά έργα. Η πελατοκεντρική φιλοσοφία της Εταιρείας έχει επιφέρει ισχυρές, μακροπρόθεσμες και αμοιβαία επωφελείς σχέσεις, ενισχύοντας τη γεωγραφική της παρουσία.
Η Εταιρεία κατασκευάζει μία από τις πιο ολοκληρωμένες γκάμες προϊόντων παγκοσμίως και προσφέρει ολοκληρωμένες λύσεις, οι οποίες βασίζονται σε επενδύσεις σε νέες τεχνολογίες και στη συνεχή βελτίωση των παραγωγικών διαδικασιών της. Οι πελάτες ξεχωρίζουν τη Σωληνουργεία Κορίνθου, για την τεχνολογική υπεροχή, την ευελιξία, την παροχή οικονομικά βέλτιστων λύσεων και τη συνολικά υψηλή απόδοσή της, όπως επιβεβαιώνεται κάθε χρόνο από τους δείκτες ικανοποίησης των πελατών. 
////
Υποθαλάσσιοι αγωγοί μεγάλου βάθους υψηλών προδιαγραφών

Απαιτητικοί χερσαίοι αγωγοί μεταφοράς φυσικού αερίου

Σωλήνες μεταφοράς υδρογόνου

Εξειδικευμένες κοίλες διατομές χάλυβα ειδικών προδιαγραφών"
356	"Hellenic Cables"	"Hellenic Cables"	Ενέργεια|Τηλεπικοινωνίες		Καλώδια	https://cenergyholdings.com/el/hellenic-cables/	"Αμαρουσίου – Χαλανδρίου 33
151 25 Μαρούσι, Αττική, Ελλάδα
mail envelope icon
ir@cenergyholdings.com
telephone icon
(+30) 2106787111
fax icon
(+30) 2106787406"			"494 Eκατ. ευρώ σε επενδύσεις τα τελευταία πέντε χρόνια|5 Eργοστάσια παραγωγής καλωδίων σε 3 χώρες|>2.850 Eργαζόμενοι"			"Με 70 χρόνια επιτυχημένης πορείας στην κατασκευή καλωδίων, η Hellenic Cables αναγνωρίζεται σήμερα ως μία από τις κορυφαίες εταιρείες μεταφοράς και διανομής ενέργειας στην Ευρώπη, ανανεώσιμων πηγών ενέργειας και υπεράκτιων δικτύων αιολικής ενέργειας, δικτύων τηλεπικοινωνίας και δεδομένων, κατασκευών και βιομηχανίας.

 

Η Εταιρεία διακρίνεται για τον έντονο εξαγωγικό της προσανατολισμό και τη δημιουργία μακροπρόθεσμων συνεργασιών και δεσμών με σημαντικούς οργανισμούς στη Δανία, τη Σουηδία, το Βέλγιο, τη Γερμανία, τις Κάτω Χώρες, τον Καναδά και το Ηνωμένο Βασίλειο. Κατασκευάζει καλώδια ενέργειας και τηλεπικοινωνιών για διάφορους τομείς όπως η μεταφορά και διανομή ηλεκτρικής ενέργειας, οι ανανεώσιμες πηγές ενέργειας, η βιομηχανία πετρελαίου και φυσικού αερίου, οι τηλεπικοινωνίες, οι κατασκευές και οι υποδομές.

 

Οι τεχνικές γνώσεις συνδυάζονται με συνεχή επένδυση σε υπερσύγχρονα μηχανήματα για να διασφαλιστεί ότι τα επίπεδα απόδοσης και ποιότητας πληρούν τα υψηλότερα πρότυπα.

 Η Hellenic Cables διαθέτει τέσσερα εργοστάσια παραγωγής καλωδίων στη Θήβα, τον Ελεώνα και στην Κόρινθο (Ελλάδα) και στο Βουκουρέστι (Ρουμανία), και δύο βοηθητικά εργοστάσια παραγωγής στα Οινόφυτα (Ελλάδα) στο Blagoevgrad (Βουλγαρία). Η μονάδα παραγωγής Κορίνθου είναι ένα από τα μεγαλύτερα και πιο προηγμένα εργοστάσια υποβρυχίων καλωδίων στον κόσμο.
Η Hellenic Cables δίνει μεγάλη έμφαση στην ανάπτυξη των ανθρώπων της και στη δημιουργία αξίας για τους συμμετόχους, τους συνεργάτες και τις τοπικές κοινωνίες στις οποίες δραστηριοποιείται.
Η Εταιρία εστιάζει ιδιαίτερα στην ανάπτυξη των ανθρώπων της και στη δημιουργία αξίας για τους συμμετόχους, τους συνεργάτες και τις τοπικές κοινωνίες όπου δραστηριοποιείται.

Με το βλέμμα στο μέλλον, σχεδιάζει περαιτέρω επενδύσεις σε τεχνολογικές και καινοτόμες λύσεις καλωδίων, έτσι ώστε να συνεισφέρει στη δημιουργία ενός βιώσιμου μέλλοντος για τους συμμετόχους της."
359	ΧΑΛΚΟΡ	ΧΑΛΚΟΡ	Μέταλλο|Βιομηχανία		"παραγωγή, τη μεταποίηση και την εμπορία προϊόντων χαλκού και κραμάτων χαλκού"	https://halcor.com/el/about-us/profile/							"H ΧΑΛΚΟΡ είναι ο τομέας διέλασης χαλκού & κραμάτων της ElvalHalcor και μαζί με τρεις ακόμα εταιρίες συγκροτούν τον κλάδο χαλκού της ElvalHalcor που ειδικεύεται στην παραγωγή, τη μεταποίηση και την εμπορία προϊόντων χαλκού και κραμάτων χαλκού με δυναμική εμπορική παρουσία στην ευρωπαϊκή και παγκόσμια αγορά. Για περισσότερα από 80 χρόνια, η ΧΑΛΚΟΡ προσφέρει καινοτόμες και προστιθέμενης αξίας λύσεις που ανταποκρίνονται στις σύγχρονες απαιτήσεις των πελατών σε τομείς όπως υδραυλικά, HVAC & R, ανανεώσιμες πηγές ενέργειας, αρχιτεκτονική, μηχανική και βιομηχανική παραγωγή.

Ο κλάδος χαλκού της ElvalHalcor αποτελείται από τρεις θυγατρικές και δύο συνεργάτες / κοινοπραξίες με έδρα την Ελλάδα, το Βέλγιο, τη Βουλγαρία, τη Ρουμανία και την Τουρκία, ενώ διαθέτει συνολικά οκτώ μονάδες παραγωγής στην Ελλάδα, τη Βουλγαρία και την Τουρκία. Ο κλάδος χαλκού της ElvalHalcor αναπτύσσει και διανέμει ένα ευρύ φάσμα προϊόντων, συμπεριλαμβανομένων προϊόντων χαλκού και κράματος χαλκού και προϊόντων εξώθησης, ενώ η ΧΑΛΚΟΡ είναι ο μόνος παραγωγός σωλήνων χαλκού στην Ελλάδα."
360	Elval	Elval	Μέταλλο		"Η Elval αποτελεί τον τομέα έλασης αλουμινίου της ElvalHalcor Α.Ε. (ELHA:ATH)"	https://www.elval.com/el/about-elval							"Σχετικά με την Elval
Η Elval αποτελεί τον τομέα έλασης αλουμινίου της ElvalHalcor Α.Ε. (ELHA:ATH), της κορυφαίας βιομηχανίας αλουμινίου και χαλκού παγκοσμίως με ισχυρή παραγωγική βάση 15 εργοστασιακών μονάδων, τεχνολογία αιχμής και σταθερή παρουσία σε περισσότερες από 90 χώρες.
 
Η Elval διαθέτει 50 χρόνια τεχνογνωσίας στην έλαση και στην ανακύκλωση αλουμινίου, σχεδιάζοντας και κατασκευάζοντας καινοτόμες λύσεις, ενώ παράλληλα δημιουργεί αξιόπιστες συνεργασίες σε όλο τον κόσμο. Το εκτεταμένο και εξατομικευμένο χαρτοφυλάκιο προϊόντων εξυπηρετεί τις αγορές συσκευασίας, μεταφορών, αυτοκινητοβιομηχανίας, θέρμανσης-ψύξης-κλιματισμού, δόμησης και κατασκευών, ενέργειας και βιομηχανικών αγορών.
 
Μέσω συνεχών επενδύσεων σε έρευνα, ανάπτυξη, καινοτομία και διαθέτοντας εσωτερικό Κέντρο Τεχνολογίας, επενδύουμε σε ανθρώπινο δυναμικό με υψηλή εξειδίκευση και τεχνογνωσία, στην υπεύθυνη παραγωγή και στην προστασία του περιβάλλοντος, στηρίζοντας τη μετάβαση στην κλιματική ουδετερότητα και τη συμβολή του αλουμινίου στην κυκλική οικονομία."
361	"ΕΛΒΑΛΧΑΛΚΟΡ Ελληνική Βιομηχανία Χαλκού και Αλουμινίου Ανώνυμος Εταιρεία (ElvalHalcor)"	"ΕΛΒΑΛΧΑΛΚΟΡ Ελληνική Βιομηχανία Χαλκού και Αλουμινίου Ανώνυμος Εταιρεία (ElvalHalcor)"	Μέταλλο	"Δίκτυα Ενέργειας"	"παραγωγός διεθνώς στον κλάδο του αλουμινίου και του χαλκού."			360|359	Elval|ΧΑΛΚΟΡ				"Η ΕΛΒΑΛΧΑΛΚΟΡ Ελληνική Βιομηχανία Χαλκού και Αλουμινίου Ανώνυμος Εταιρεία (ElvalHalcor) είναι κορυφαίος βιομηχανικός παραγωγός διεθνώς στον κλάδο του αλουμινίου και του χαλκού.

Η ElvalHalcor συστάθηκε τον Δεκέμβριο του 2017, μέσω της συγχώνευσης της Ελβάλ (Elval) και της Χαλκόρ (Halcor).

Η Εταιρία είναι εισηγμένη στο Χρηματιστήριο Αθηνών (ELHA)."
364	"Sofia Med"	"Sofia Med"	Μέταλλο			http://www.sofiamed.bg/							
366	"Sidenor S.A. - ΣΙΔΕΝΟΡ"	"Sidenor S.A. - ΣΙΔΕΝΟΡ"	Μέταλλο		"Εταιρεία παραγωγής προϊόντων χάλυβα (δομικά, μηχανικά κ.λπ.)"	https://sidenor.gr/	"ΣΙΔΕΝΟΡ ΒΙΟΜΗΧΑΝΙΚΗ ΧΑΛΥΒΑ Α.Ε.
Αρ.Μ.Α.Ε.: 7947/01/Β/86/164 – Υπ. Ανάπτυξης

ΑΦΜ: 094130920 / ΔΟΥ: ΚΕΦΟΔΕ Αττικής
Γ.Ε.ΜΗ.: 869901000

Έδρα: Λ. Μεσογείων 2-4, 115 27, Αθήνα

Κεντρικά Γραφεία: Αμαρουσίου-Χαλανδρίου 33, 151 25, Μαρούσι, Αθήνα
Tηλ.: 210-6787111
Fax: 210-6787740"						"1 Παραγωγικές μονάδες
1.1. Σιδενόρ Βιομηχανική Χάλυβα Α.Ε. (Θεσσαλονίκη, Ελλάδα)
1.2. Sovel A.E. (Αλμυρός Μαγνησίας, Ελλάδα)
1.3 Stomana Industry S.A. (Pernik, Βουλγαρία)
1.4 Dojran Steel Dooel (Nikolic, Δημοκρατία της Βόρειας Μακεδονίας)
1.5 Έρλικον Α.Β.Ε. (Θεσσαλονίκη, Ελλάδα)
1.6 Domoplex Ltd (Λεμεσός, Κύπρος)

2 Εγκαταστάσεις logistics

2.1 Σιδενόρ Βιομηχανική Χάλυβα Α.Ε. (Θεσσαλονίκη, Ελλάδα)
2.2 Σιδενόρ Βιομηχανική Χάλυβα Α.Ε. (Ασπρόπυργος, Ελλάδα)
2.3 Sovel A.E. (Ελλάδα)
2.4 Αντιμέτ Α.Ε. (Ελλάδα)
2.5 Stomana Industry S.A. (Βουλγαρία)
2.6 Port Svishtov West S.A. (Βουλγαρία)
2.7 Dojran Steel Dooel (Δημοκρατία της Βόρειας Μακεδονίας)
2.8 Sidebalk Steel Doo (Σερβία)
2.9 Smederevo Port (Serbia)
2.10 Sideral Steel Shpk (Αλβανία)
2.11 Siderom Steel Slr (Ρουμανία)
2.12 Agigea port  (Ρουμανία)
2.13 Constanta port  (Ρουμανία)
2.14 Gyor Platform operated by DB Schenker (Ουγγαρία)

3 Λιμάνια
3.1 Αλμυρός Μαγνησίας (Ελλάδα)
3.2 Ασπρόπυργος Αττικής (Ελλάδα)
3.3 Port Svishtov (Βουλγαρία)"
